Id,SalePrice
1461,127426.38666666667
1462,153988.33333333334
1463,180453.5
1464,182102.0
1465,195267.60666666666
1466,183579.68
1467,168609.24
1468,176728.6
1469,184016.57333333333
1470,121103.37333333334
1471,197789.32666666666
1472,93750.66666666667
1473,97939.66666666667
1474,154546.93333333332
1475,142732.34666666668
1476,393203.4866666667
1477,251612.98
1478,307066.64
1479,246917.87333333332
1480,455593.2133333333
1481,308969.22
1482,206295.80666666667
1483,176042.08
1484,177751.52666666667
1485,173216.82
1486,197497.56666666668
1487,326306.7866666667
1488,240236.07333333333
1489,214486.40666666668
1490,199919.57333333333
1491,189495.03333333333
1492,96262.28666666667
1493,169690.7
1494,293456.14
1495,299989.3466666667
1496,224282.20666666667
1497,193163.96
1498,153004.82
1499,153607.3
1500,152472.59333333332
1501,172810.23333333334
1502,166388.98
1503,299650.1066666667
1504,231480.96
1505,212661.38666666666
1506,186251.40666666668
1507,226696.84666666668
1508,200683.72666666665
1509,163584.65333333332
1510,151311.0
1511,150784.5
1512,169926.7
1513,147575.83333333334
1514,162210.00666666665
1515,183080.98666666666
1516,160411.88
1517,154836.86
1518,129424.78666666667
1519,223888.12
1520,139417.83333333334
1521,146415.83333333334
1522,162382.16
1523,114987.85333333333
1524,123771.08666666667
1525,125633.21333333333
1526,128280.0
1527,104326.42666666667
1528,128463.16666666667
1529,142448.22
1530,166581.34
1531,133060.83333333334
1532,107002.72
1533,147590.96666666667
1534,117993.36
1535,156733.45333333334
1536,116121.75333333333
1537,73020.05333333333
1538,186408.66666666666
1539,243104.1
1540,111510.58
1541,156053.20666666667
1542,144266.56
1543,216511.97333333333
1544,82714.68
1545,106162.66666666667
1546,122126.55333333333
1547,141876.24
1548,136186.94666666666
1549,114651.88666666667
1550,141419.97333333333
1551,118591.8
1552,151562.74
1553,142977.69333333333
1554,115243.46666666666
1555,170403.05333333334
1556,97329.27333333333
1557,123934.84666666666
1558,93436.00666666667
1559,114089.39333333333
1560,148565.5
1561,156301.39333333334
1562,127731.33333333333
1563,126763.0
1564,163741.34
1565,153609.70666666667
1566,215825.95333333334
1567,80589.90666666666
1568,229552.22666666665
1569,145684.37333333332
1570,131142.20666666667
1571,131654.26
1572,146515.66666666666
1573,236571.29333333333
1574,116115.96666666666
1575,215568.18
1576,214646.65333333332
1577,207871.54666666666
1578,150846.61333333334
1579,143813.73333333334
1580,190059.0
1581,143957.05333333334
1582,131467.66666666666
1583,331847.82666666666
1584,242962.28666666665
1585,139392.66666666666
1586,76349.02666666667
1587,105780.47333333333
1588,153418.66666666666
1589,100248.94
1590,133678.16666666666
1591,107818.31333333334
1592,125973.12
1593,116058.28
1594,137839.86
1595,117350.61333333333
1596,233042.7
1597,167150.44666666666
1598,181830.48
1599,216573.28
1600,189593.33333333334
1601,84910.75333333333
1602,115431.66666666667
1603,93462.91333333333
1604,277733.36
1605,249619.29333333333
1606,169881.97333333333
1607,164571.68666666668
1608,216720.68
1609,202425.36666666667
1610,162264.09333333332
1611,153423.24666666667
1612,168469.26
1613,165263.29333333333
1614,122029.16666666667
1615,87980.02666666667
1616,81391.33333333333
1617,86418.22
1618,127539.22
1619,130297.7
1620,150525.78666666665
1621,136919.2
1622,153912.66
1623,290691.56
1624,214912.86666666667
1625,128148.88
1626,171076.82666666666
1627,188158.43333333332
1628,281910.3466666667
1629,175166.86666666667
1630,349636.5733333333
1631,223472.70666666667
1632,250791.12
1633,171944.99333333335
1634,181925.42666666667
1635,178061.2
1636,161096.13333333333
1637,178783.8
1638,215097.28666666665
1639,178202.0
1640,250198.45333333334
1641,184076.34
1642,220912.91333333333
1643,224715.78
1644,222206.6
1645,182675.16
1646,155110.66666666666
1647,165114.33333333334
1648,143103.47333333333
1649,140792.16666666666
1650,123436.4
1651,125737.19333333333
1652,92829.33333333333
1653,100015.66666666667
1654,157244.26666666666
1655,156177.13333333333
1656,150891.22666666665
1657,154304.94666666666
1658,156056.46666666667
1659,144031.96666666667
1660,144808.33333333334
1661,437924.2866666667
1662,382570.0466666667
1663,368209.46
1664,423824.2733333333
1665,310575.48
1666,324217.75333333336
1667,357333.55333333334
1668,322287.4733333333
1669,302231.04
1670,323753.4533333333
1671,257786.43333333332
1672,448104.5266666667
1673,302889.75333333336
1674,255439.35333333333
1675,187422.82666666666
1676,189465.08
1677,215368.26
1678,446687.42
1679,373465.7133333333
1680,324568.9266666667
1681,271587.63333333336
1682,303887.0266666667
1683,186717.54
1684,172168.15333333332
1685,174741.0
1686,166058.42666666667
1687,168712.39333333334
1688,184035.21333333335
1689,189165.23333333334
1690,183987.29333333333
1691,173848.92666666667
1692,270922.64666666667
1693,169875.74
1694,185117.88
1695,171008.76666666666
1696,273079.1533333333
1697,170654.16
1698,352468.4733333333
1699,325418.13333333336
1700,241223.6
1701,266026.29333333333
1702,255496.08666666667
1703,251183.68666666668
1704,296094.68666666665
1705,235186.79333333333
1706,434615.26
1707,222142.00666666665
1708,217692.96
1709,278181.08666666667
1710,228119.73333333334
1711,267251.9666666667
1712,231326.72666666665
1713,247478.98666666666
1714,222149.51333333334
1715,202487.02
1716,177558.89333333334
1717,165490.38666666666
1718,139685.5
1719,207760.91333333333
1720,251713.84666666668
1721,167036.94666666666
1722,131820.7
1723,157102.91333333333
1724,217403.28
1725,231531.74
1726,187618.96666666667
1727,169653.90666666668
1728,186844.77333333335
1729,163885.10666666666
1730,161768.66666666666
1731,122598.33333333333
1732,135014.68666666668
1733,128821.28
1734,132844.16666666666
1735,133314.0
1736,117735.10666666667
1737,371088.14
1738,216559.85333333333
1739,268888.82
1740,193828.96666666667
1741,178648.63333333333
1742,172353.26666666666
1743,174719.6
1744,318699.86
1745,243344.58
1746,273420.94666666666
1747,222484.52
1748,207769.6
1749,159911.66666666666
1750,150755.86666666667
1751,227802.56666666668
1752,124063.33333333333
1753,142618.11333333334
1754,216613.74
1755,166713.56666666668
1756,125632.44
1757,120890.76666666666
1758,147773.16
1759,169101.0
1760,160722.12666666668
1761,153982.8
1762,174519.34666666668
1763,167717.88
1764,118105.12
1765,169289.93333333332
1766,167935.69333333333
1767,200281.48
1768,139295.66666666666
1769,164118.80666666667
1770,141861.93333333332
1771,140687.16666666666
1772,144363.72666666665
1773,143369.16666666666
1774,132858.12666666668
1775,134828.0
1776,119535.75333333333
1777,116511.66666666667
1778,131683.53333333333
1779,116529.61333333333
1780,172448.33333333334
1781,134510.33333333334
1782,101460.48666666666
1783,131313.02666666667
1784,96352.73333333334
1785,118466.54666666666
1786,159249.93333333332
1787,163018.68666666668
1788,60774.32
1789,93712.42
1790,90579.50666666667
1791,180487.06666666668
1792,154537.33333333334
1793,138227.06
1794,142418.90666666668
1795,138538.33333333334
1796,123237.50666666667
1797,116132.64
1798,123978.88666666667
1799,115806.66666666667
1800,128480.77333333333
1801,128972.90666666666
1802,153081.76
1803,147497.73333333334
1804,141423.53333333333
1805,134113.66666666666
1806,113239.66666666667
1807,151167.1
1808,120668.5
1809,127680.44
1810,146070.56
1811,113115.28666666667
1812,114552.12
1813,121234.0
1814,98853.99333333333
1815,67284.20666666667
1816,104131.56666666667
1817,125231.48666666666
1818,140911.91333333333
1819,118328.43333333333
1820,79764.28666666667
1821,121070.38666666667
1822,150084.83333333334
1823,56165.833333333336
1824,138301.66666666666
1825,136551.37333333332
1826,103578.33333333333
1827,108031.66666666667
1828,137217.7
1829,114398.12666666666
1830,145721.99333333335
1831,165028.99333333335
1832,108910.22666666667
1833,148211.0
1834,131531.02666666667
1835,172506.49333333335
1836,126809.36666666667
1837,100447.84
1838,132819.34
1839,88086.57333333333
1840,165922.76
1841,152347.72
1842,91193.00666666667
1843,142130.58
1844,139826.8
1845,142638.6
1846,151784.30666666667
1847,150306.74
1848,64289.386666666665
1849,116145.2
1850,129395.58666666667
1851,153031.82666666666
1852,129654.5
1853,137207.13333333333
1854,174054.7
1855,143593.45333333334
1856,218281.94666666666
1857,156896.27333333335
1858,137133.06666666668
1859,120438.40666666666
1860,153711.67333333334
1861,120192.96666666666
1862,268642.82666666666
1863,262644.29333333333
1864,262644.29333333333
1865,331592.04
1866,322754.76
1867,246596.04666666666
1868,304825.37333333335
1869,193744.78
1870,254662.33333333334
1871,261335.08666666667
1872,170918.77333333335
1873,224260.67333333334
1874,139976.5
1875,202389.46666666667
1876,194014.6
1877,212064.30666666667
1878,210860.61333333334
1879,135738.78666666665
1880,137117.13333333333
1881,238680.62666666668
1882,256791.7
1883,197999.93333333332
1884,222617.4
1885,257400.00666666665
1886,299343.7733333333
1887,202224.62666666668
1888,279416.82
1889,165217.42666666667
1890,135755.47333333333
1891,143406.32666666666
1892,113067.56
1893,137223.83333333334
1894,130218.46666666666
1895,151024.66666666666
1896,120898.55333333333
1897,116771.33333333333
1898,108272.64666666667
1899,132495.94666666666
1900,147947.73333333334
1901,162933.77333333335
1902,133328.31333333332
1903,216192.38
1904,138973.0
1905,174953.6
1906,156978.61333333334
1907,204792.98666666666
1908,113147.83333333333
1909,136458.75333333333
1910,122918.96666666666
1911,191451.76
1912,268579.96
1913,153996.15333333332
1914,62493.26
1915,326239.61333333334
1916,76000.65333333334
1917,259885.96
1918,136931.22
1919,155132.89333333334
1920,156939.7
1921,406116.94666666666
1922,321649.36666666664
1923,206168.01333333334
1924,239581.92666666667
1925,225732.25333333333
1926,373961.38
1927,142514.33333333334
1928,155881.22666666665
1929,129749.00666666667
1930,127604.38666666667
1931,139834.86666666667
1932,136276.76666666666
1933,171471.00666666665
1934,178554.88
1935,177264.74666666667
1936,190799.33333333334
1937,181945.23333333334
1938,170009.45333333334
1939,253269.06
1940,194012.17333333334
1941,177681.36
1942,193163.33333333334
1943,193710.24
1944,319625.98
1945,363072.44
1946,155791.84666666668
1947,306360.0133333333
1948,170182.5
1949,243444.78666666665
1950,176580.84
1951,271802.69333333336
1952,244181.81333333332
1953,166809.72666666665
1954,204424.1
1955,126204.55333333333
1956,278225.68
1957,162699.26
1958,313445.87333333335
1959,140889.32666666666
1960,114786.12666666666
1961,119804.38666666667
1962,96266.33333333333
1963,107143.33333333333
1964,110808.42666666667
1965,156869.46666666667
1966,155923.41333333333
1967,293415.98
1968,389044.5133333333
1969,381605.04
1970,428233.44
1971,420065.79333333333
1972,353947.58666666667
1973,273869.8
1974,312152.4066666667
1975,435418.24666666664
1976,274321.32666666666
1977,356830.34
1978,347381.13333333336
1979,323469.05333333334
1980,193673.79333333333
1981,337611.74666666664
1982,234352.06666666668
1983,220800.34666666668
1984,168749.06666666668
1985,206620.76666666666
1986,211355.65333333332
1987,181472.71333333335
1988,178292.36666666667
1989,184661.92
1990,221694.56666666668
1991,219333.47333333333
1992,213904.11333333334
1993,172215.24
1994,244256.68666666668
1995,180980.23333333334
1996,257356.50666666665
1997,330565.69333333336
1998,347438.26666666666
1999,249232.64666666667
2000,301834.24
2001,265711.74
2002,230440.76666666666
2003,255462.22
2004,264474.3933333333
2005,235495.89333333334
2006,222737.68666666668
2007,247091.23333333334
2008,214231.60666666666
2009,193411.5
2010,189363.87333333332
2011,151312.73333333334
2012,180015.99333333335
2013,182050.9
2014,190127.66666666666
2015,195350.80666666667
2016,195186.83333333334
2017,202535.04
2018,124787.60666666667
2019,134789.33333333334
2020,121727.0
2021,117225.88666666667
2022,178656.82666666666
2023,150437.40666666668
2024,226661.37333333332
2025,390823.68666666665
2026,183922.66
2027,149927.01333333334
2028,151316.02666666667
2029,173165.0
2030,280874.32
2031,260198.12
2032,279321.9066666667
2033,273835.92
2034,164155.6
2035,201333.89333333334
2036,188339.07333333333
2037,196578.93333333332
2038,334693.48
2039,208823.64
2040,405654.7733333333
2041,281702.76666666666
2042,202450.93333333332
2043,171640.33333333334
2044,171394.49333333335
2045,223175.48666666666
2046,137609.67333333334
2047,151265.56
2048,133313.06666666668
2049,134850.49333333335
2050,169678.36666666667
2051,105732.0
2052,138855.86666666667
2053,145693.5
2054,87449.07333333333
2055,157387.23333333334
2056,131289.76666666666
2057,127870.53333333334
2058,216130.61333333334
2059,130145.94
2060,163984.66666666666
2061,170592.49333333335
2062,138413.83333333334
2063,115639.72
2064,137080.56
2065,124106.45333333334
2066,173244.21333333335
2067,132059.62
2068,134026.97333333333
2069,86642.24666666667
2070,108944.2
2071,99908.91333333333
2072,140333.35333333333
2073,134162.56
2074,178626.08666666667
2075,148432.40666666668
2076,120433.99333333333
2077,149431.0
2078,131521.88666666666
2079,129244.83333333333
2080,115433.0
2081,121714.22
2082,130334.80666666667
2083,151212.07333333333
2084,113240.38
2085,133597.56666666668
2086,118604.18
2087,123544.72
2088,107334.64
2089,94815.4
2090,130273.72
2091,128114.99333333333
2092,135153.90666666668
2093,137992.45333333334
2094,136404.23333333334
2095,150341.86666666667
2096,89198.95333333334
2097,97648.92666666667
2098,148157.22
2099,65496.62
2100,109188.11333333333
2101,122451.16666666667
2102,144593.56
2103,106270.33333333333
2104,134512.08
2105,129489.83333333333
2106,74692.00666666667
2107,241994.8
2108,118707.54666666666
2109,114246.02666666667
2110,125036.86666666667
2111,156144.24
2112,139055.22666666665
2113,117719.33333333333
2114,110830.21333333333
2115,146819.33333333334
2116,111309.32666666666
2117,149091.64666666667
2118,119464.26666666666
2119,109166.4
2120,112314.93333333333
2121,113707.38
2122,108585.26
2123,92149.12666666666
2124,186812.8
2125,135774.73333333334
2126,155412.95333333334
2127,154157.40666666668
2128,133093.22666666665
2129,101271.95333333334
2130,145597.72666666665
2131,161586.9
2132,114789.38666666667
2133,116713.1
2134,119524.50666666667
2135,105091.0
2136,79792.78
2137,114799.02
2138,136322.4
2139,153526.66666666666
2140,137026.83333333334
2141,141881.06666666668
2142,138289.39333333334
2143,145521.82666666666
2144,118340.31333333334
2145,136173.33333333334
2146,153141.43333333332
2147,158308.32
2148,129528.09333333334
2149,134883.33333333334
2150,228123.14666666667
2151,135912.89333333334
2152,172505.66
2153,157516.58
2154,111669.02
2155,126986.41333333333
2156,230101.06666666668
2157,237040.54666666666
2158,234394.18666666668
2159,217931.2
2160,170331.30666666667
2161,250680.84
2162,441987.9
2163,331270.5933333333
2164,259391.07333333333
2165,173849.71333333335
2166,145358.33333333334
2167,206118.92666666667
2168,212658.16666666666
2169,193316.3
2170,220945.68
2171,148795.58666666667
2172,140498.32666666666
2173,156130.96
2174,243576.72
2175,319788.1666666667
2176,317847.24
2177,259356.98
2178,223280.64
2179,146760.34666666668
2180,194721.22666666665
2181,193251.47333333333
2182,227987.24
2183,193498.7
2184,137684.03333333333
2185,135811.14666666667
2186,144094.37333333332
2187,149707.33333333334
2188,158321.2
2189,181073.51333333334
2190,83223.42666666667
2191,88228.38
2192,94864.29333333333
2193,97252.0
2194,102607.76
2195,114481.33333333333
2196,109408.49333333333
2197,111616.5
2198,153067.26666666666
2199,162184.24666666667
2200,131435.85333333333
2201,133318.91333333333
2202,196625.9
2203,154107.16666666666
2204,175524.7
2205,120130.54666666666
2206,133346.73333333334
2207,233618.34
2208,231284.42666666667
2209,190643.01333333334
2210,126320.33333333333
2211,114766.33333333333
2212,111832.53333333334
2213,102108.78
2214,148753.85333333333
2215,102561.83333333333
2216,153472.04666666666
2217,71224.75333333333
2218,87879.38
2219,72044.27333333333
2220,80090.04
2221,328096.12666666665
2222,247416.33333333334
2223,268322.67333333334
2224,214291.52666666667
2225,135111.16
2226,183180.72666666665
2227,194745.37333333332
2228,281524.41333333333
2229,241368.59333333332
2230,161351.96666666667
2231,213345.14666666667
2232,176130.60666666666
2233,172986.02
2234,254212.71333333335
2235,200464.12666666668
2236,269887.1
2237,356973.3466666667
2238,204069.08
2239,121231.5
2240,165460.74666666667
2241,149616.84666666668
2242,136156.06666666668
2243,141630.8
2244,97740.80666666667
2245,96232.88666666667
2246,148608.89333333334
2247,104154.23333333334
2248,127232.33333333333
2249,128242.0
2250,137933.3
2251,121755.80666666667
2252,172407.72
2253,158597.04
2254,177355.24666666667
2255,190460.86
2256,181421.83333333334
2257,196536.54666666666
2258,174236.04
2259,176953.23333333334
2260,151345.6
2261,189401.6
2262,204952.97333333333
2263,329288.94
2264,434460.41333333333
2265,172818.66666666666
2266,296555.63333333336
2267,356527.28
2268,369864.75333333336
2269,164723.55333333334
2270,180815.1
2271,248834.92
2272,207585.34
2273,166637.66666666666
2274,171924.42666666667
2275,164721.33333333334
2276,172323.71333333335
2277,179368.16
2278,159222.24666666667
2279,125097.44
2280,120588.86666666667
2281,175777.11333333334
2282,177204.01333333334
2283,98429.0
2284,111254.29333333333
2285,149958.86
2286,128909.99333333333
2287,333488.94666666666
2288,275184.06
2289,375834.20666666667
2290,412623.3
2291,315630.8466666667
2292,395768.5333333333
2293,438857.11333333334
2294,393703.85333333333
2295,419369.4866666667
2296,282230.6066666667
2297,312571.06666666665
2298,313788.17333333334
2299,370056.30666666664
2300,317382.4866666667
2301,283084.56
2302,229060.22666666665
2303,243602.43333333332
2304,249058.00666666665
2305,184599.40666666668
2306,185458.25333333333
2307,187357.91333333333
2308,219745.10666666666
2309,286401.4866666667
2310,226377.1
2311,190646.4
2312,173632.00666666665
2313,174991.74666666667
2314,171500.68666666668
2315,173130.52
2316,181312.12
2317,180592.31333333332
2318,174897.34666666668
2319,175790.78666666665
2320,180301.50666666665
2321,255816.68666666668
2322,166149.90666666668
2323,181266.0
2324,169924.68
2325,220110.40666666668
2326,168500.78666666665
2327,215847.83333333334
2328,221772.06666666668
2329,184141.33333333334
2330,177575.46666666667
2331,357524.13333333336
2332,410616.4666666667
2333,310706.41333333333
2334,257558.66
2335,262795.32666666666
2336,333866.46
2337,199900.84666666668
2338,283475.06
2339,227365.06
2340,378946.2866666667
2341,218916.78
2342,241112.24
2343,214458.66666666666
2344,239501.38666666666
2345,243850.10666666666
2346,219836.52666666667
2347,199750.64
2348,232061.76
2349,154889.41333333333
2350,286273.75333333336
2351,262439.7866666667
2352,244638.8
2353,215298.76
2354,130900.59333333334
2355,155532.54666666666
2356,153027.82666666666
2357,199227.28
2358,198679.56666666668
2359,126940.69333333333
2360,121904.52666666667
2361,137885.16666666666
2362,266783.32
2363,143312.4
2364,151297.33333333334
2365,221009.62666666668
2366,194248.02666666667
2367,223798.57333333333
2368,203327.57333333333
2369,224736.24
2370,171499.2
2371,174315.26666666666
2372,170789.14666666667
2373,267332.37333333335
2374,298470.43333333335
2375,235158.98
2376,269710.76666666666
2377,343010.0333333333
2378,134712.27333333335
2379,202068.42666666667
2380,140145.20666666667
2381,162663.23333333334
2382,180038.34
2383,210431.45333333334
2384,239481.66
2385,153140.33333333334
2386,143294.33333333334
2387,134691.60666666666
2388,98749.61333333333
2389,125784.94666666667
2390,139723.0
2391,134845.06666666668
2392,113844.49333333333
2393,161957.96666666667
2394,146229.0
2395,198767.05333333334
2396,152518.0
2397,202535.33333333334
2398,122470.84
2399,63134.293333333335
2400,62601.72666666667
2401,120089.0
2402,137523.0
2403,133722.63333333333
2404,144444.82
2405,159375.24666666667
2406,136044.33333333334
2407,128486.83333333333
2408,138981.0
2409,136118.80666666667
2410,162216.66666666666
2411,121424.72
2412,156427.91333333333
2413,140440.83333333334
2414,135498.16666666666
2415,129386.73333333334
2416,126545.96
2417,130440.2
2418,123649.83333333333
2419,135503.60666666666
2420,125657.4
2421,150380.42666666667
2422,121756.56
2423,127547.88666666667
2424,148980.15333333332
2425,173717.65333333332
2426,127484.6
2427,137216.19333333333
2428,167919.96666666667
2429,116404.0
2430,129010.4
2431,117418.69333333333
2432,136877.16666666666
2433,144491.5
2434,144726.33333333334
2435,153953.40666666668
2436,107098.33333333333
2437,115256.54
2438,124965.05333333333
2439,116017.12
2440,121878.17333333334
2441,106835.46
2442,103128.93333333333
2443,113775.76
2444,125636.86666666667
2445,94885.67333333334
2446,135960.31333333332
2447,224333.26
2448,140702.03333333333
2449,113870.02666666667
2450,160913.30666666667
2451,123438.8
2452,210928.25333333333
2453,100601.6
2454,125596.24
2455,106324.03333333334
2456,138884.12
2457,116631.0
2458,113845.36
2459,110592.74666666667
2460,138480.06
2461,118023.95333333334
2462,137115.98666666666
2463,118746.22666666667
2464,157372.26
2465,128837.7
2466,115487.15333333334
2467,152823.64666666667
2468,94037.34
2469,92430.68
2470,175851.56
2471,204294.48666666666
2472,176850.37333333332
2473,118348.42
2474,103966.84666666666
2475,223784.66
2476,113252.77333333333
2477,132433.66666666666
2478,161539.0
2479,115267.60666666667
2480,131821.97333333333
2481,125941.51333333334
2482,134838.33333333334
2483,119178.14666666667
2484,122344.91333333333
2485,124152.76666666666
2486,151918.16666666666
2487,184025.31333333332
2488,155932.72666666665
2489,143279.75333333333
2490,152157.58
2491,91779.24
2492,183122.0
2493,137945.54666666666
2494,161742.14666666667
2495,101682.32666666666
2496,214783.84666666668
2497,148761.33333333334
2498,117327.54666666666
2499,92394.28666666667
2500,133858.14666666667
2501,134761.22666666665
2502,149290.5
2503,101257.13333333333
2504,188821.14
2505,217916.16
2506,256192.34666666668
2507,314618.0466666667
2508,253838.60666666666
2509,220227.76
2510,228533.89333333334
2511,187453.23333333334
2512,218586.97333333333
2513,215236.68666666668
2514,234712.44666666666
2515,150780.33333333334
2516,156760.46
2517,136503.36666666667
2518,146606.16666666666
2519,231018.28666666665
2520,203259.12
2521,192742.34
2522,224428.46666666667
2523,130200.17333333334
2524,140686.66666666666
2525,142471.64666666667
2526,139755.33333333334
2527,120402.59333333334
2528,127361.83333333333
2529,134616.73333333334
2530,110001.33333333333
2531,236524.50666666665
2532,229544.38
2533,198438.1
2534,243879.43333333332
2535,310966.76666666666
2536,233024.16666666666
2537,228346.45333333334
2538,186457.47333333333
2539,189020.94
2540,177547.79333333333
2541,182223.8
2542,166265.51333333334
2543,131766.62
2544,136517.55333333334
2545,132028.88666666666
2546,145552.80666666667
2547,138747.92666666667
2548,153525.67333333334
2549,163930.06
2550,383715.3333333333
2551,144933.1
2552,120017.08
2553,84620.38
2554,118335.70666666667
2555,106949.64
2556,104788.56
2557,120125.28
2558,159779.95333333334
2559,144836.58
2560,132568.69333333333
2561,136950.8
2562,142400.74666666667
2563,144808.65333333332
2564,170481.06666666668
2565,121348.95333333334
2566,154890.72
2567,127641.36666666667
2568,182217.52
2569,187845.11333333334
2570,122806.0
2571,172997.27333333335
2572,183596.6
2573,240594.04
2574,304158.5
2575,127226.66666666667
2576,129787.5
2577,166752.26666666666
2578,97515.58666666667
2579,81367.06
2580,128191.32
2581,134323.94666666666
2582,115680.28666666667
2583,276350.2866666667
2584,159464.78666666665
2585,177715.86666666667
2586,205016.51333333334
2587,204190.79333333333
2588,149554.6
2589,144567.23333333334
2590,224902.71333333335
2591,209338.83333333334
2592,226009.16666666666
2593,252919.73333333334
2594,175794.22666666665
2595,209105.74
2596,327703.9066666667
2597,183145.61333333334
2598,266704.34
2599,310335.28
2600,155970.66
2601,131607.64
2602,86382.66666666667
2603,94064.88666666667
2604,87191.66666666667
2605,84912.66666666667
2606,144424.22
2607,175605.13333333333
2608,201912.40666666668
2609,165918.08
2610,113412.02666666667
2611,157743.16
2612,153746.49333333335
2613,129208.83333333333
2614,128720.00666666667
2615,151224.61333333334
2616,138738.22
2617,172756.14666666667
2618,184649.52666666667
2619,219947.65333333332
2620,183333.6
2621,182689.98
2622,188139.64666666667
2623,253826.92666666667
2624,274274.58
2625,314482.36
2626,164567.89333333334
2627,182646.33333333334
2628,412885.5133333333
2629,525152.6266666667
2630,353036.02
2631,447988.8933333333
2632,408751.9533333333
2633,309204.1533333333
2634,379764.87333333335
2635,148350.0
2636,194777.07333333333
2637,166714.86666666667
2638,256334.26
2639,178337.01333333334
2640,155307.6
2641,108358.86
2642,192497.33333333334
2643,105234.60666666667
2644,126369.38
2645,101225.66666666667
2646,92933.33333333333
2647,98289.33333333333
2648,137919.4
2649,140966.48666666666
2650,149066.14
2651,154057.56666666668
2652,440205.42
2653,253731.82666666666
2654,242663.00666666665
2655,367795.0333333333
2656,336091.31333333335
2657,340762.68666666665
2658,281425.2866666667
2659,303887.5266666667
2660,320498.11333333334
2661,331579.87333333335
2662,356804.7733333333
2663,278531.4066666667
2664,284891.5266666667
2665,314558.23333333334
2666,293730.50666666665
2667,170425.14666666667
2668,180099.21333333335
2669,176234.95333333334
2670,284208.7266666667
2671,182451.21333333335
2672,181878.60666666666
2673,205235.26666666666
2674,200585.45333333334
2675,171293.94
2676,188642.94666666666
2677,196202.88
2678,264963.38666666666
2679,286973.5133333333
2680,270433.0333333333
2681,409874.96
2682,326456.1533333333
2683,526621.6466666666
2684,302683.38
2685,337846.86
2686,264834.22
2687,331746.41333333333
2688,234419.12666666668
2689,215712.3
2690,463563.34
2691,190674.13333333333
2692,138125.43333333332
2693,189984.41333333333
2694,135287.79333333333
2695,189206.06666666668
2696,186827.64
2697,191028.16666666666
2698,198233.52
2699,179469.4
2700,166101.08
2701,149663.22
2702,115920.84666666666
2703,143731.56
2704,141380.8
2705,127211.72
2706,120741.33333333333
2707,125659.73333333334
2708,136905.36666666667
2709,113455.02666666667
2710,126164.38666666667
2711,277018.4866666667
2712,363906.8933333333
2713,176969.20666666667
2714,149258.99333333335
2715,171872.48666666666
2716,167042.20666666667
2717,177970.70666666667
2718,229292.52
2719,157790.36666666667
2720,164009.25333333333
2721,142882.5
2722,171686.14666666667
2723,145085.33333333334
2724,129663.66666666667
2725,136310.83333333334
2726,146346.66666666666
2727,164203.68
2728,168499.23333333334
2729,157757.48
2730,147041.83333333334
2731,120646.66666666667
2732,117764.82666666666
2733,155394.91333333333
2734,147302.72
2735,134659.83333333334
2736,141993.78666666665
2737,124683.33333333333
2738,133122.55333333334
2739,159606.0
2740,136631.38666666666
2741,147819.33333333334
2742,152541.33333333334
2743,149275.58
2744,147619.0
2745,135799.53333333333
2746,134715.03333333333
2747,156068.21333333335
2748,126418.78
2749,129639.22
2750,136274.5
2751,127325.33333333333
2752,230501.74666666667
2753,153992.04666666666
2754,202922.10666666666
2755,124304.72666666667
2756,96600.89333333333
2757,76178.01333333334
2758,88504.38666666667
2759,159122.22666666665
2760,137479.45333333334
2761,146768.16666666666
2762,149077.0
2763,189099.69333333333
2764,165959.5
2765,258485.49333333335
2766,145209.36666666667
2767,90320.55333333333
2768,124473.36666666667
2769,129914.3
2770,155117.76666666666
2771,121937.88666666667
2772,122002.88666666667
2773,141709.45333333334
2774,140970.56
2775,134220.58666666667
2776,145695.10666666666
2777,150553.28
2778,127164.99333333333
2779,128077.08666666667
2780,111483.0
2781,101321.46
2782,101178.67333333334
2783,104276.67333333334
2784,131668.06666666668
2785,139643.72666666665
2786,81631.48
2787,116212.73333333334
2788,88804.38666666667
2789,211205.87333333332
2790,95795.57333333333
2791,116455.46
2792,80528.32
2793,162281.05333333334
2794,103036.02666666667
2795,116050.56
2796,102635.05333333333
2797,191902.82666666666
2798,120571.97333333333
2799,120183.5
2800,75201.41333333333
2801,109595.32
2802,139195.71333333335
2803,154520.31333333332
2804,147441.47333333333
2805,94760.33333333333
2806,94480.02
2807,151678.30666666667
2808,148875.74666666667
2809,133826.66666666666
2810,138970.33333333334
2811,160826.24666666667
2812,145409.4
2813,157569.97333333333
2814,159634.82666666666
2815,97920.52666666667
2816,249393.14
2817,132406.6
2818,133540.13333333333
2819,175702.5
2820,131880.72
2821,107274.36
2822,186070.5
2823,236037.06666666668
2824,180228.10666666666
2825,152838.82
2826,133059.03333333333
2827,142218.24666666667
2828,210455.16666666666
2829,175199.27333333335
2830,231829.46666666667
2831,191249.82
2832,220297.94
2833,288005.1066666667
2834,216116.34
2835,216233.43333333332
2836,191721.46666666667
2837,164826.66
2838,148952.7
2839,180512.0
2840,191587.75333333333
2841,203402.02666666667
2842,220888.91333333333
2843,150074.29333333333
2844,156670.82
2845,126064.66666666667
2846,214408.97333333333
2847,199655.93333333332
2848,218928.06
2849,210337.58666666667
2850,278376.56666666665
2851,240322.11333333334
2852,224709.84
2853,235233.17333333334
2854,140332.0
2855,196075.43333333332
2856,211861.34
2857,188766.02666666667
2858,197050.73333333334
2859,146117.14
2860,124566.0
2861,130622.80666666667
2862,191343.76666666666
2863,122769.22
2864,255489.42666666667
2865,141766.21333333335
2866,133448.63333333333
2867,96033.55333333333
2868,111707.53333333334
2869,123825.61333333333
2870,157060.01333333334
2871,106315.95333333334
2872,64113.23333333333
2873,100679.20666666667
2874,140347.0
2875,116385.86666666667
2876,164151.26666666666
2877,145078.92
2878,165959.3
2879,144458.12
2880,109550.08
2881,150944.98
2882,163013.96666666667
2883,170363.58
2884,177784.92
2885,178431.33333333334
2886,198091.65333333332
2887,101339.2
2888,127925.66666666667
2889,64298.42
2890,85056.84
2891,136702.52666666667
2892,57118.86666666667
2893,105779.18
2894,61171.73333333333
2895,321945.3333333333
2896,283531.1
2897,198509.0
2898,147437.93333333332
2899,232715.05333333334
2900,158029.82666666666
2901,194514.10666666666
2902,185990.79333333333
2903,344734.62
2904,359874.20666666667
2905,114072.02666666667
2906,195852.54666666666
2907,116454.13333333333
2908,129465.33333333333
2909,142907.37333333332
2910,84463.33333333333
2911,84406.0
2912,154770.91333333333
2913,87988.33333333333
2914,85426.33333333333
2915,85905.69333333333
2916,85059.66666666667
2917,153668.88666666666
2918,115532.66666666667
2919,223350.26
